pillar,themes,mg_code,macro_goal,direction,baseline,target_2030,target_2047,sort_order,target_2030_to_baseline_gap,target_2047_to_baseline_gap,status_against_target_2030,status_against_target_2047
Empowered Citizen - Living Well,Healthcare and Nutrition for all,HM3,Infant Mortality Rate (per 1000 live births),DOWN,23.0,8.0,2.0,1,1.875,10.5,At Risk (gap ≤ 75%),Slightly Off Track (gap ≤ 50%)
Thriving Economy - Earning Well,Tourism Hub,GTHM1,Share of international tourist visits out of total footfall in the state,UP,1.32,5.0,8.0,5,0.736,0.835,At Risk (gap ≤ 75%),On Track (gap ≤ 25%)
Thriving Economy - Earning Well,"Agriculture, Irrigation and Rural Development",AIRM5,Yield of Fruits (MT/ha),UP,18.8,20.0,25.1,6,0.06,0.250996016,Critical (gap > 75%),Critical (gap > 75%)
Empowered Citizen - Living Well,Healthcare and Nutrition for all,HM2,Maternal Mortality Ratio (per lakh live births),DOWN,57.0,40.0,5.0,7,0.425,10.4,On Track (gap ≤ 25%),On Track (gap ≤ 25%)
Empowered Citizen - Living Well,Healthcare and Nutrition for all,HM4,Out-of-Pocket Expenditure (as % of Total Health Expenditure),DOWN,40.8,15.0,8.0,8,1.72,4.1,Slightly Off Track (gap ≤ 50%),On Track (gap ≤ 25%)
Empowered Citizen - Living Well,Healthcare and Nutrition for all,HM7,No. of Ayush Professionals,UP,50000.0,100000.0,250000.0,9,0.5,0.8,At Risk (gap ≤ 75%),Slightly Off Track (gap ≤ 50%)
Empowered Citizen - Living Well,Human Capital: Education and Skilling,ESM1,GER (secondary) - Male In %,UP,75.0,85.0,100.0,10,0.117647059,0.25,Critical (gap > 75%),Critical (gap > 75%)
Empowered Citizen - Living Well,Human Capital: Education and Skilling,ESM2,GER (secondary) - Female In %,UP,73.0,85.0,100.0,11,0.141176471,0.27,At Risk (gap ≤ 75%),Slightly Off Track (gap ≤ 50%)
Empowered Citizen - Living Well,Healthcare and Nutrition for all,HM1,Life expectancy (years),UP,70.5,77.0,84.0,12,0.084415584,0.160714286,Critical (gap > 75%),Critical (gap > 75%)
Empowered Citizen - Living Well,Human Capital: Education and Skilling,ESM7,Higher Education - GER (tertiary),UP,22.0,40.0,65.0,13,0.45,0.661538462,Slightly Off Track (gap ≤ 50%),Slightly Off Track (gap ≤ 50%)
Empowered Citizen - Living Well,Human Capital: Education and Skilling,ESM8,Higher Education - GER (tertiary) - ST,UP,18.0,40.0,65.0,14,0.55,0.723076923,On Track (gap ≤ 25%),On Track (gap ≤ 25%)
Empowered Citizen - Living Well,Human Capital: Education and Skilling,ESM9,Gender Parity Index,UP,0.87,1.0,1.0,15,0.13,0.13,On Track (gap ≤ 25%),On Track (gap ≤ 25%)
Thriving Economy - Earning Well,"Agriculture, Irrigation and Rural Development",AIRM1,Yield of Cereal crops (MT/ha),UP,2.7,2.9,3.0,16,0.068965517,0.1,On Track (gap ≤ 25%),On Track (gap ≤ 25%)
Thriving Economy - Earning Well,"Agriculture, Irrigation and Rural Development",AIRM2,Yield of Pulses crops (MT/ha),UP,1.4,1.4,1.5,17,0.0,0.066666667,On Track (gap ≤ 25%),On Track (gap ≤ 25%)
Thriving Economy - Earning Well,"Agriculture, Irrigation and Rural Development",AIRM3,Yield of Foodgrains (MT/ha),UP,2.3,2.5,2.6,18,0.08,0.115384615,On Track (gap ≤ 25%),On Track (gap ≤ 25%)
Thriving Economy - Earning Well,"Agriculture, Irrigation and Rural Development",AIRM6,Yield of Vegetables (MT/ha),UP,20.08,22.7,25.1,19,0.115418502,0.2,On Track (gap ≤ 25%),On Track (gap ≤ 25%)
Thriving Economy - Earning Well,"Agriculture, Irrigation and Rural Development",AIRM8,Yield of Floriculture (MT/ha),UP,9.5,10.3,11.4,20,0.077669903,0.166666667,Critical (gap > 75%),Critical (gap > 75%)
Thriving Economy - Earning Well,"Agriculture, Irrigation and Rural Development",AIRM10,Area under irrigation (Net irrigated/Net Sown Area),UP,59.0,60.5,65.0,21,0.024793388,0.092307692,On Track (gap ≤ 25%),On Track (gap ≤ 25%)
Thriving Economy - Earning Well,"Agriculture, Irrigation and Rural Development",AIRM12,Share of Canal irrigation (including tanks),UP,31.8,38.85,60.0,22,0.181467181,0.47,On Track (gap ≤ 25%),On Track (gap ≤ 25%)
Thriving Economy - Earning Well,"Agriculture, Irrigation and Rural Development",AIRM21,Ratio of Milk Procurement under organized sector over milk total production,UP,52.0,58.0,70.0,24,0.103448276,0.257142857,Slightly Off Track (gap ≤ 50%),On Track (gap ≤ 25%)
Thriving Economy - Earning Well,"Agriculture, Irrigation and Rural Development",AIRM22,Per capita Milk availability (gm/person/day),UP,656.0,770.0,1000.0,25,0.148051948,0.344,On Track (gap ≤ 25%),On Track (gap ≤ 25%)
Thriving Economy - Earning Well,"Agriculture, Irrigation and Rural Development",AIRM23,Per capita egg availability (Number/person/Annum),UP,28.0,30.0,35.0,26,0.066666667,0.2,At Risk (gap ≤ 75%),Slightly Off Track (gap ≤ 50%)
Thriving Economy - Earning Well,"Agriculture, Irrigation and Rural Development",AIRM38,Internet Subscribers per 100 population (for Rural),UP,43.7,90.0,100.0,27,0.514444444,0.563,On Track (gap ≤ 25%),On Track (gap ≤ 25%)
Empowered Citizen - Living Well,Art Culture and Sports,ACSM1,Number of UN recognized global tangible and intangible heritage,UP,5.0,10.0,20.0,28,0.5,0.75,On Track (gap ≤ 25%),On Track (gap ≤ 25%)
Empowered Citizen - Living Well,Nari Shakti: Women-led Development,NSM4,% of seats held by women in state legislation,UP,8.0,16.0,40.0,29,0.5,0.8,Critical (gap > 75%),Critical (gap > 75%)
Empowered Citizen - Living Well,Human Capital: Education and Skilling,ESM10,Average number of enrollments per institution,UP,526.0,769.5,1500.0,31,0.316439246,0.649333333,Critical (gap > 75%),Critical (gap > 75%)
Thriving Economy - Earning Well,"Agriculture, Irrigation and Rural Development",AIRM36,Percentage surfaced rural roads,UP,87.1,92.0,100.0,33,0.05326087,0.129,Critical (gap > 75%),Critical (gap > 75%)
Key Enablers,Transport and Logistics Infrastructure,TLIM1,Total state highway length (km),UP,16746.0,19537.0,27910.0,34,0.142857143,0.4,Critical (gap > 75%),Critical (gap > 75%)
Empowered Citizen - Living Well,Nari Shakti: Women-led Development,NSM7,% Gross enrolment ratio (elementary),UP,94.0,100.0,100.0,35,0.06,0.06,Critical (gap > 75%),Critical (gap > 75%)
Empowered Citizen - Living Well,Nari Shakti: Women-led Development,NSM8,% Gross enrolment ratio (secondary),UP,73.0,85.0,100.0,36,0.141176471,0.27,Critical (gap > 75%),At Risk (gap ≤ 75%)
Empowered Citizen - Living Well,Nari Shakti: Women-led Development,NSM9,Gap between male and female literacy levels,DOWN,14.0,6.0,0.0,37,1.333333333,1399.0,At Risk (gap ≤ 75%),Critical (gap > 75%)
Empowered Citizen - Living Well,Human Capital: Education and Skilling,ESM3,Literacy rate In %,UP,78.0,90.0,100.0,38,0.133333333,0.22,Critical (gap > 75%),Critical (gap > 75%)
Empowered Citizen - Living Well,Human Capital: Education and Skilling,ESM4,% schools with pupil teacher ratio< 30,UP,65.0,80.0,100.0,39,0.1875,0.35,Slightly Off Track (gap ≤ 50%),Slightly Off Track (gap ≤ 50%)
Empowered Citizen - Living Well,Human Capital: Education and Skilling,ESM5,Dropout rates – upper primary In %,DOWN,1.5,0.0,0.0,40,149.0,149.0,Critical (gap > 75%),Critical (gap > 75%)
Empowered Citizen - Living Well,Human Capital: Education and Skilling,ESM6,Dropout rates – secondary In %,DOWN,5.0,0.0,0.0,41,499.0,499.0,Critical (gap > 75%),Critical (gap > 75%)
Empowered Citizen - Living Well,Nari Shakti: Women-led Development,NSM5,% Female Labor Force Participation Rate (LFPR),UP,42.0,50.0,75.0,42,0.16,0.44,On Track (gap ≤ 25%),On Track (gap ≤ 25%)
Empowered Citizen - Living Well,Art Culture and Sports,ACSM6,Number of Centers of Excellence for sports,UP,1.0,5.0,10.0,43,0.8,0.9,On Track (gap ≤ 25%),On Track (gap ≤ 25%)
Empowered Citizen - Living Well,Art Culture and Sports,ACSM7,Host of a major tournament,UP,0.0,0.0,1.0,44,0.0,0.99,On Track (gap ≤ 25%),On Track (gap ≤ 25%)
Thriving Economy - Earning Well,"Agriculture, Irrigation and Rural Development",AIRM11,Area under micro irrigation (per unit Gross Sown Area),UP,16.4,23.0,36.0,45,0.286956522,0.544444444,On Track (gap ≤ 25%),On Track (gap ≤ 25%)
Thriving Economy - Earning Well,"Agriculture, Irrigation and Rural Development",AIRM13,Share of ultimate irrigation potential created,UP,97.6,98.2,100.0,46,0.00610998,0.024,On Track (gap ≤ 25%),On Track (gap ≤ 25%)
Thriving Economy - Earning Well,"Agriculture, Irrigation and Rural Development",AIRM15,Share of land for Horticulture/Gross Sown Area,UP,13.7,16.0,20.0,47,0.14375,0.315,Slightly Off Track (gap ≤ 50%),On Track (gap ≤ 25%)
Thriving Economy - Earning Well,"Agriculture, Irrigation and Rural Development",AIRM19,Average cattle productivity (kg/animal/year),UP,2200.0,2300.0,2800.0,49,0.043478261,0.214285714,On Track (gap ≤ 25%),On Track (gap ≤ 25%)
Thriving Economy - Earning Well,"Agriculture, Irrigation and Rural Development",AIRM20,Ratio of milk processing capacity over total milk production,UP,69.0,72.0,85.0,50,0.041666667,0.188235294,On Track (gap ≤ 25%),On Track (gap ≤ 25%)
Thriving Economy - Earning Well,"Agriculture, Irrigation and Rural Development",AIRM29,Share of women having a bank or savings account that they themselves use,UP,67.5,87.0,100.0,51,0.224137931,0.325,On Track (gap ≤ 25%),On Track (gap ≤ 25%)
Thriving Economy - Earning Well,"Agriculture, Irrigation and Rural Development",AIRM30,Households with any usual member covered under a health insurance/financing scheme,UP,41.1,65.0,90.0,52,0.367692308,0.543333333,On Track (gap ≤ 25%),On Track (gap ≤ 25%)
Thriving Economy - Earning Well,"Agriculture, Irrigation and Rural Development",AIRM31,Self Help Groups with Credit (bank) linkage,UP,15.0,60.0,100.0,53,0.75,0.85,On Track (gap ≤ 25%),On Track (gap ≤ 25%)
Thriving Economy - Earning Well,"Agriculture, Irrigation and Rural Development",AIRM33,Infant Mortality Ratio (for Rural),DOWN,27.0,8.0,2.0,54,2.375,12.5,At Risk (gap ≤ 75%),Slightly Off Track (gap ≤ 50%)
Thriving Economy - Earning Well,"Agriculture, Irrigation and Rural Development",AIRM34,Households using clean fuel as primary source of energy for cooking (for Rural),UP,58.2,80.0,98.0,55,0.2725,0.406122449,On Track (gap ≤ 25%),On Track (gap ≤ 25%)
Thriving Economy - Earning Well,"Agriculture, Irrigation and Rural Development",AIRM35,Population living in households that use an improved sanitation facility (for Rural),UP,63.3,99.0,100.0,56,0.360606061,0.367,On Track (gap ≤ 25%),On Track (gap ≤ 25%)
Thriving Economy - Earning Well,"Agriculture, Irrigation and Rural Development",AIRM39,Rural Drinking water supply per capita (LPCD),UP,70.0,100.0,100.0,57,0.3,0.3,On Track (gap ≤ 25%),On Track (gap ≤ 25%)
Thriving Economy - Earning Well,"Agriculture, Irrigation and Rural Development",AIRM4,Yield of Oilseeds (MT/ha),UP,2.3,2.4,2.4,58,0.041666667,0.041666667,Critical (gap > 75%),Critical (gap > 75%)
Thriving Economy - Earning Well,"Agriculture, Irrigation and Rural Development",AIRM40,Share of villages covered by surface based Multi Village Scheme (MVS),UP,80.0,100.0,100.0,59,0.2,0.2,Slightly Off Track (gap ≤ 50%),On Track (gap ≤ 25%)
Thriving Economy - Earning Well,"Agriculture, Irrigation and Rural Development",AIRM7,Yield of Spices (MT/ha),UP,1.86,1.9,2.2,60,0.021052632,0.154545455,Critical (gap > 75%),Critical (gap > 75%)
Key Enablers,City Agglomerations: Vibrant Socio-Economic Epicenters,CAM1,Percentage of households having access to piped drinking water - all cities,UP,86.0,100.0,100.0,61,0.14,0.14,At Risk (gap ≤ 75%),On Track (gap ≤ 25%)
Key Enablers,City Agglomerations: Vibrant Socio-Economic Epicenters,CAM4,Average AQI across all major cities,DOWN,111.0,80.0,50.0,62,0.3875,1.22,On Track (gap ≤ 25%),On Track (gap ≤ 25%)
Empowered Citizen - Living Well,Human Capital: Education and Skilling,ESM11,% of patents filed in India,UP,1.6,2.45,5.0,63,0.346938776,0.68,On Track (gap ≤ 25%),Critical (gap > 75%)
Thriving Economy - Earning Well,Tourism Hub,GTHM4,Ranking in number of domestic tourists in India,DOWN,5.0,3.0,3.0,64,0.666666667,0.666666667,Critical (gap > 75%),Critical (gap > 75%)
Thriving Economy - Earning Well,Tourism Hub,GTHM5,Ranking in number of foreign tourists in India,DOWN,1.0,10.0,3.0,65,0.9,0.666666667,On Track (gap ≤ 25%),On Track (gap ≤ 25%)
Thriving Economy - Earning Well,Tourism Hub,GTHM7,Average annual footfall for Top 5 tourism spots,UP,7.5,12.5,45.0,66,0.4,0.833333333,On Track (gap ≤ 25%),On Track (gap ≤ 25%)
Empowered Citizen - Living Well,Healthcare and Nutrition for all,HM5,Doctors per 10000 population,UP,12.0,15.0,30.0,67,0.2,0.6,On Track (gap ≤ 25%),On Track (gap ≤ 25%)
Empowered Citizen - Living Well,Healthcare and Nutrition for all,HM6,Nurses and midwives per 10000,UP,15.0,40.0,100.0,68,0.625,0.85,On Track (gap ≤ 25%),On Track (gap ≤ 25%)
Thriving Economy - Earning Well,Industries of the Future,INM2,"Growth in value of goods exported ($, nominal)",UP,250.0,500.0,3750.0,70,0.5,0.933333333,Critical (gap > 75%),Critical (gap > 75%)
Empowered Citizen - Living Well,Nari Shakti: Women-led Development,NSM2,% women age 15-49 years who are anaemic,DOWN,65.0,45.0,5.0,72,0.444444444,12.0,On Track (gap ≤ 25%),At Risk (gap ≤ 75%)
Empowered Citizen - Living Well,Nari Shakti: Women-led Development,NSM3,"Number of crimes against women per 1,00,000 population",DOWN,22.0,0.0,0.0,73,2199.0,2199.0,Critical (gap > 75%),Critical (gap > 75%)
Empowered Citizen - Living Well,Nari Shakti: Women-led Development,NSM6,% Women with an operating bank or savings account,UP,70.0,90.0,100.0,74,0.222222222,0.3,On Track (gap ≤ 25%),On Track (gap ≤ 25%)
Thriving Economy - Earning Well,Services of the Future,SEM1,Contribution to India's Services GVA (%),UP,6.2,8.0,15.0,75,0.225,0.586666667,Critical (gap > 75%),Critical (gap > 75%)
Thriving Economy - Earning Well,Services of the Future,SEM2,Contribution to India’s Services exports (%),UP,1.2,3.0,10.0,76,0.6,0.88,Slightly Off Track (gap ≤ 50%),Slightly Off Track (gap ≤ 50%)
Key Enablers,Transport and Logistics Infrastructure,TLIM10,Road accident fatalities per 100 km road length,DOWN,3.0,0.5,0.0,77,5.0,299.0,Critical (gap > 75%),Critical (gap > 75%)
Key Enablers,Transport and Logistics Infrastructure,TLIM4,Share of Cargo handling in India,UP,38.6,40.0,42.0,78,0.035,0.080952381,Critical (gap > 75%),Critical (gap > 75%)
Key Enablers,Transport and Logistics Infrastructure,TLIM5,Ports with >18m draft,UP,1.0,2.0,4.0,79,0.5,0.75,Critical (gap > 75%),Critical (gap > 75%)
Key Enablers,Transport and Logistics Infrastructure,TLIM7,Container dwell time - exports (hours),DOWN,120.0,70.0,40.0,80,0.714285714,2.0,Critical (gap > 75%),Critical (gap > 75%)
Key Enablers,Transport and Logistics Infrastructure,TLIM9,Average Vessel Turnaround time (hours),DOWN,70.0,50.0,40.0,81,0.4,0.75,Critical (gap > 75%),Critical (gap > 75%)
Empowered Citizen - Living Well,Human Capital: Education and Skilling,ESM12,NITI Aayog Innovation Index Rank (or equivalent),DOWN,14.0,10.0,5.0,82,0.4,1.8,Slightly Off Track (gap ≤ 50%),Critical (gap > 75%)
Empowered Citizen - Living Well,Human Capital: Education and Skilling,ESM13,% age 15-59 population with formal vocational / technical training,UP,3.0,15.0,50.0,83,0.8,0.94,Critical (gap > 75%),Critical (gap > 75%)
Empowered Citizen - Living Well,Human Capital: Education and Skilling,ESM14,Vocational gross enrolment ratio (as % of enrolment in higher secondary),UP,0.0,12.5,50.0,84,0.9992,0.9998,Critical (gap > 75%),Critical (gap > 75%)
Empowered Citizen - Living Well,Human Capital: Education and Skilling,ESM15,Vocational gross enrolment ratio (as % of enrolment-tertiary),UP,0.0,12.5,50.0,85,0.9992,0.9998,Critical (gap > 75%),Critical (gap > 75%)
Empowered Citizen - Living Well,Human Capital: Education and Skilling,ESM16,Skilled labor force (as % of labor force),UP,10.0,30.0,100.0,86,0.666666667,0.9,At Risk (gap ≤ 75%),Critical (gap > 75%)
Empowered Citizen - Living Well,Art Culture and Sports,ACSM2,% share of culture & creative industries in GDP,UP,1.0,2.0,5.0,87,0.5,0.8,Slightly Off Track (gap ≤ 50%),Critical (gap > 75%)
Empowered Citizen - Living Well,Art Culture and Sports,ACSM3,% of Museums and libraries digitized,UP,10.0,100.0,100.0,88,0.9,0.9,Critical (gap > 75%),Critical (gap > 75%)
Empowered Citizen - Living Well,Art Culture and Sports,ACSM4,Number of performing arts and mega cultural centers,UP,5.0,33.0,33.0,89,0.848484848,0.848484848,Critical (gap > 75%),Critical (gap > 75%)
Empowered Citizen - Living Well,Art Culture and Sports,ACSM5,Number of total medals in Summer Olympics,UP,0.0,1.5,5.0,90,0.993333333,0.998,Critical (gap > 75%),Critical (gap > 75%)
Empowered Citizen - Living Well,Nari Shakti: Women-led Development,NSM1,Maternal Mortality Rate (per lakh births),DOWN,57.0,40.0,5.0,91,0.425,10.4,Slightly Off Track (gap ≤ 50%),Critical (gap > 75%)
Empowered Citizen - Living Well,Nari Shakti: Women-led Development,NSM10,Gender Parity Index in higher education,UP,0.87,1.0,1.0,92,0.13,0.13,On Track (gap ≤ 25%),On Track (gap ≤ 25%)
Empowered Citizen - Living Well,Nari Shakti: Women-led Development,NSM11,% of women as share of total STEM graduates,UP,10.0,50.0,60.0,93,0.8,0.833333333,Critical (gap > 75%),Critical (gap > 75%)
Thriving Economy - Earning Well,Industries of the Future,INM3,% of power consumption in industries from green sources,UP,32.0,50.0,90.0,94,0.36,0.644444444,Slightly Off Track (gap ≤ 50%),At Risk (gap ≤ 75%)
Thriving Economy - Earning Well,Services of the Future,SEM3,Number of Universities in top 250 rankings (QS),UP,0.0,3.0,10.0,95,0.996666667,0.999,Critical (gap > 75%),Critical (gap > 75%)
Thriving Economy - Earning Well,Tourism Hub,GTHM2,Contribution of Tourism to State GVA,UP,8.0,10.0,12.0,97,0.2,0.333333333,On Track (gap ≤ 25%),Slightly Off Track (gap ≤ 50%)
Thriving Economy - Earning Well,Tourism Hub,GTHM6,Average length of stay for tourists (days),UP,2.2,4.0,6.0,99,0.45,0.633333333,Slightly Off Track (gap ≤ 50%),At Risk (gap ≤ 75%)
Thriving Economy - Earning Well,"Agriculture, Irrigation and Rural Development",AIRM9,Average post-harvest losses,DOWN,11.0,9.0,6.0,100,0.222222222,0.833333333,On Track (gap ≤ 25%),Critical (gap > 75%)
Thriving Economy - Earning Well,"Agriculture, Irrigation and Rural Development",AIRM14,"Farm mechanization (Farm power availability, kW/ha)",UP,2.6,4.5,7.0,101,0.422222222,0.628571429,Slightly Off Track (gap ≤ 50%),At Risk (gap ≤ 75%)
Thriving Economy - Earning Well,"Agriculture, Irrigation and Rural Development",AIRM16,Share of land under Natural Farming,UP,3.0,10.0,25.0,102,0.7,0.88,At Risk (gap ≤ 75%),Critical (gap > 75%)
Thriving Economy - Earning Well,"Agriculture, Irrigation and Rural Development",AIRM28,Share of Rural workforce employed in Non-Farm sectors,UP,36.0,45.0,60.0,103,0.2,0.4,On Track (gap ≤ 25%),Slightly Off Track (gap ≤ 50%)
Thriving Economy - Earning Well,"Agriculture, Irrigation and Rural Development",AIRM32,Multi-Dimensional Poverty Index (MPI) Score (for Rural),DOWN,0.075,0.03,0.01,104,1.5,6.5,On Track (gap ≤ 25%),On Track (gap ≤ 25%)
Thriving Economy - Earning Well,"Agriculture, Irrigation and Rural Development",AIRM37,Households with public transport facility within 500 m (for Rural),UP,86.0,92.0,98.0,105,0.065217391,0.12244898,On Track (gap ≤ 25%),On Track (gap ≤ 25%)
Thriving Economy - Earning Well,"Agriculture, Irrigation and Rural Development",AIRM41,MVS metering at village level inlet (Volumetric billing),UP,3.0,70.0,100.0,106,0.957142857,0.97,Critical (gap > 75%),Critical (gap > 75%)
Thriving Economy - Earning Well,"Agriculture, Irrigation and Rural Development",AIRM42,Capacity of alternate sources and desalination plants,UP,370.0,777.5,2000.0,107,0.524115756,0.815,At Risk (gap ≤ 75%),Critical (gap > 75%)
Thriving Economy - Earning Well,"Agriculture, Irrigation and Rural Development",AIRM43,Institutions completing annual water audit,UP,70.0,100.0,100.0,108,0.3,0.3,Slightly Off Track (gap ≤ 50%),Slightly Off Track (gap ≤ 50%)
Thriving Economy - Earning Well,"Agriculture, Irrigation and Rural Development",AIRM44,Smart metering: Metering of grid and MVS,UP,70.0,100.0,100.0,109,0.3,0.3,Slightly Off Track (gap ≤ 50%),Slightly Off Track (gap ≤ 50%)
Key Enablers,City Agglomerations: Vibrant Socio-Economic Epicenters,CAM2,Per capita water supply (municipal corporations),UP,135.0,150.0,150.0,110,0.1,0.1,On Track (gap ≤ 25%),On Track (gap ≤ 25%)
Key Enablers,City Agglomerations: Vibrant Socio-Economic Epicenters,CAM3,Percentage of population living in slums - all cities,DOWN,2.0,0.0,0.0,111,199.0,199.0,Critical (gap > 75%),Critical (gap > 75%)
Key Enablers,City Agglomerations: Vibrant Socio-Economic Epicenters,CAM5,Percentage of wastewater recycled or reused - all cities,UP,28.0,46.0,100.0,112,0.391304348,0.72,On Track (gap ≤ 25%),On Track (gap ≤ 25%)
Key Enablers,City Agglomerations: Vibrant Socio-Economic Epicenters,CAM6,Major city agglomerations contribution in GSDP,UP,0.0,6.0,10.0,113,0.998333333,0.999,Critical (gap > 75%),Critical (gap > 75%)
Key Enablers,City Agglomerations: Vibrant Socio-Economic Epicenters,CAM7,Number of cities in EIU Global Livability Index (or equivalent),UP,0.0,0.5,2.0,114,0.98,0.995,Critical (gap > 75%),Critical (gap > 75%)
Key Enablers,Transport and Logistics Infrastructure,TLIM2,Villages/towns within 50 km from trunk road,UP,95.0,100.0,100.0,115,0.05,0.05,On Track (gap ≤ 25%),On Track (gap ≤ 25%)
Key Enablers,Transport and Logistics Infrastructure,TLIM3,Metro line (km) in major cities,UP,40.0,125.0,380.0,116,0.68,0.894736842,At Risk (gap ≤ 75%),Critical (gap > 75%)
Key Enablers,Transport and Logistics Infrastructure,TLIM8,Average freight truck speed (Kmph),UP,50.0,65.0,80.0,118,0.230769231,0.375,On Track (gap ≤ 25%),Slightly Off Track (gap ≤ 50%)
Key Enablers,Transport and Logistics Infrastructure,TLIM11,Modal freight share of rail & coastal,UP,35.0,37.5,45.0,119,0.066666667,0.222222222,On Track (gap ≤ 25%),On Track (gap ≤ 25%)
Key Enablers,"Governance 2.0: Reform, Perform and Transform",GVM1,Good Governance Index Rank (within group A),DOWN,1.0,1.0,1.0,120,0.0,0.0,On Track (gap ≤ 25%),On Track (gap ≤ 25%)
Key Enablers,"Governance 2.0: Reform, Perform and Transform",GVM2,SDG Index Performance Rankings,DOWN,10.0,1.0,1.0,121,9.0,9.0,Critical (gap > 75%),Critical (gap > 75%)
Key Enablers,"Governance 2.0: Reform, Perform and Transform",GVM3,National E-service delivery ranking (within group A),DOWN,10.0,5.0,1.0,122,1.0,9.0,Critical (gap > 75%),Critical (gap > 75%)
